{
    "now": "2025-01-16T06:45:28.372Z",
    "perfNow": 51090.89999997616,
    "diagnosticCorrelation": "9b7c467a-e098-4677-9f46-f0332cc7e552",
    "source": "DownloadSupportFiles",
    "environment": {
        "productName": "adf",
        "buildVersion": "1.0.010825.7",
        "environmentType": 3,
        "resourceName": "casestudy-adf-sk",
        "resourceRegion": "japaneast",
        "resourceGroup": "casestudy-sk",
        "subscriptionId": "97574a23-b6cb-4d49-81ba-082f07fed5ea",
        "sessionId": "lc0oingEtvoc1oOHeAzDKK",
        "operationId": "",
        "gitType": "live",
        "loggingKey": "fac4ddde-93a5-4008-b493-56456c7b5e06"
    },
    "additionalInfo": {
        "selectedResource": "Swiggy Pipeline",
        "selectedResourceType": "pipeline"
    }
}