{
    "name": "Swiggy Pipeline",
    "properties": {
        "activities": [
            {
                "name": "Git to Data Lake",
                "type": "Copy",
                "dependsOn": [],
                "policy": {
                    "timeout": "0.12:00:00",
                    "retry": 0,
                    "retryIntervalInSeconds": 30,
                    "secureOutput": false,
                    "secureInput": false
                },
                "userProperties": [],
                "typeProperties": {
                    "source": {
                        "type": "JsonSource",
                        "storeSettings": {
                            "type": "HttpReadSettings",
                            "requestMethod": "GET"
                        },
                        "formatSettings": {
                            "type": "JsonReadSettings"
                        }
                    },
                    "sink": {
                        "type": "JsonSink",
                        "storeSettings": {
                            "type": "AzureBlobFSWriteSettings"
                        },
                        "formatSettings": {
                            "type": "JsonWriteSettings"
                        }
                    },
                    "enableStaging": false
                },
                "inputs": [
                    {
                        "referenceName": "swiggy_data",
                        "type": "DatasetReference"
                    }
                ],
                "outputs": [
                    {
                        "referenceName": "swiggy_raw",
                        "type": "DatasetReference"
                    }
                ]
            },
            {
                "name": "Swiggy Silver",
                "type": "DatabricksNotebook",
                "dependsOn": [
                    {
                        "activity": "Git to Data Lake",
                        "dependencyConditions": [
                            "Succeeded"
                        ]
                    }
                ],
                "policy": {
                    "timeout": "0.12:00:00",
                    "retry": 0,
                    "retryIntervalInSeconds": 30,
                    "secureOutput": false,
                    "secureInput": false
                },
                "userProperties": [],
                "typeProperties": {
                    "notebookPath": "/Users/285504@ust.com/Swiggy Silver"
                },
                "linkedServiceName": {
                    "referenceName": "Swiggy",
                    "type": "LinkedServiceReference"
                }
            },
            {
                "name": "Swiggy Gold",
                "type": "DatabricksNotebook",
                "dependsOn": [
                    {
                        "activity": "Swiggy Silver",
                        "dependencyConditions": [
                            "Succeeded"
                        ]
                    }
                ],
                "policy": {
                    "timeout": "0.12:00:00",
                    "retry": 0,
                    "retryIntervalInSeconds": 30,
                    "secureOutput": false,
                    "secureInput": false
                },
                "userProperties": [],
                "typeProperties": {
                    "notebookPath": "/Users/285504@ust.com/Swiggy Gold"
                },
                "linkedServiceName": {
                    "referenceName": "Swiggy",
                    "type": "LinkedServiceReference"
                }
            },
            {
                "name": "Swiggy SQL",
                "type": "DatabricksNotebook",
                "dependsOn": [
                    {
                        "activity": "Swiggy Gold",
                        "dependencyConditions": [
                            "Succeeded"
                        ]
                    }
                ],
                "policy": {
                    "timeout": "0.12:00:00",
                    "retry": 0,
                    "retryIntervalInSeconds": 30,
                    "secureOutput": false,
                    "secureInput": false
                },
                "userProperties": [],
                "typeProperties": {
                    "notebookPath": "/Users/285504@ust.com/Swiggy SQL"
                },
                "linkedServiceName": {
                    "referenceName": "Swiggy",
                    "type": "LinkedServiceReference"
                }
            },
            {
                "name": "Swiggy Visualization",
                "type": "DatabricksNotebook",
                "dependsOn": [
                    {
                        "activity": "Swiggy SQL",
                        "dependencyConditions": [
                            "Succeeded"
                        ]
                    }
                ],
                "policy": {
                    "timeout": "0.12:00:00",
                    "retry": 0,
                    "retryIntervalInSeconds": 30,
                    "secureOutput": false,
                    "secureInput": false
                },
                "userProperties": [],
                "typeProperties": {
                    "notebookPath": "/Users/285504@ust.com/Swiggy Visualization"
                },
                "linkedServiceName": {
                    "referenceName": "Swiggy",
                    "type": "LinkedServiceReference"
                }
            },
            {
                "name": "Copy Log",
                "type": "SqlServerStoredProcedure",
                "dependsOn": [
                    {
                        "activity": "Git to Data Lake",
                        "dependencyConditions": [
                            "Completed"
                        ]
                    }
                ],
                "policy": {
                    "timeout": "0.12:00:00",
                    "retry": 0,
                    "retryIntervalInSeconds": 30,
                    "secureOutput": false,
                    "secureInput": false
                },
                "userProperties": [],
                "typeProperties": {
                    "storedProcedureName": "[dbo].[audit_log]",
                    "storedProcedureParameters": {
                        "End_Time": {
                            "value": {
                                "value": "@activity('Git to Data Lake').ExecutionEndTime",
                                "type": "Expression"
                            },
                            "type": "Datetime"
                        },
                        "Message": {
                            "value": {
                                "value": "@activity('Git to Data Lake').Error?.message",
                                "type": "Expression"
                            },
                            "type": "String"
                        },
                        "Process_Id": {
                            "value": {
                                "value": "@activity('Git to Data Lake').ActivityRunId",
                                "type": "Expression"
                            },
                            "type": "String"
                        },
                        "Process_Name": {
                            "value": {
                                "value": "@string('Git to Data Lake')",
                                "type": "Expression"
                            },
                            "type": "String"
                        },
                        "Start_Time": {
                            "value": {
                                "value": "@activity('Git to Data Lake').ExecutionStartTime",
                                "type": "Expression"
                            },
                            "type": "Datetime"
                        },
                        "Status": {
                            "value": {
                                "value": "@{activity('Git to Data Lake').Status}",
                                "type": "Expression"
                            },
                            "type": "String"
                        }
                    }
                },
                "linkedServiceName": {
                    "referenceName": "Logs",
                    "type": "LinkedServiceReference"
                }
            },
            {
                "name": "Silver Log",
                "type": "SqlServerStoredProcedure",
                "dependsOn": [
                    {
                        "activity": "Swiggy Silver",
                        "dependencyConditions": [
                            "Completed"
                        ]
                    }
                ],
                "policy": {
                    "timeout": "0.12:00:00",
                    "retry": 0,
                    "retryIntervalInSeconds": 30,
                    "secureOutput": false,
                    "secureInput": false
                },
                "userProperties": [],
                "typeProperties": {
                    "storedProcedureName": "[dbo].[audit_log]",
                    "storedProcedureParameters": {
                        "End_Time": {
                            "value": {
                                "value": "@activity('Swiggy Silver').ExecutionEndTime",
                                "type": "Expression"
                            },
                            "type": "Datetime"
                        },
                        "Message": {
                            "value": {
                                "value": "@activity('Swiggy Silver').Error?.message",
                                "type": "Expression"
                            },
                            "type": "String"
                        },
                        "Process_Id": {
                            "value": {
                                "value": "@activity('Swiggy Silver').ActivityRunId",
                                "type": "Expression"
                            },
                            "type": "String"
                        },
                        "Process_Name": {
                            "value": {
                                "value": "@string('Swiggy Silver')",
                                "type": "Expression"
                            },
                            "type": "String"
                        },
                        "Start_Time": {
                            "value": {
                                "value": "@activity('Swiggy Silver').ExecutionStartTime",
                                "type": "Expression"
                            },
                            "type": "Datetime"
                        },
                        "Status": {
                            "value": {
                                "value": "@{activity('Swiggy Silver').Status}",
                                "type": "Expression"
                            },
                            "type": "String"
                        }
                    }
                },
                "linkedServiceName": {
                    "referenceName": "Logs",
                    "type": "LinkedServiceReference"
                }
            },
            {
                "name": "Gold Log",
                "type": "SqlServerStoredProcedure",
                "dependsOn": [
                    {
                        "activity": "Swiggy Gold",
                        "dependencyConditions": [
                            "Completed"
                        ]
                    }
                ],
                "policy": {
                    "timeout": "0.12:00:00",
                    "retry": 0,
                    "retryIntervalInSeconds": 30,
                    "secureOutput": false,
                    "secureInput": false
                },
                "userProperties": [],
                "typeProperties": {
                    "storedProcedureName": "[dbo].[audit_log]",
                    "storedProcedureParameters": {
                        "End_Time": {
                            "value": {
                                "value": "@activity('Swiggy Gold').ExecutionEndTime",
                                "type": "Expression"
                            },
                            "type": "Datetime"
                        },
                        "Message": {
                            "value": {
                                "value": "@activity('Swiggy Gold').Error?.message",
                                "type": "Expression"
                            },
                            "type": "String"
                        },
                        "Process_Id": {
                            "value": {
                                "value": "@activity('Swiggy Gold').ActivityRunId",
                                "type": "Expression"
                            },
                            "type": "String"
                        },
                        "Process_Name": {
                            "value": {
                                "value": "@string('Swiggy Gold')",
                                "type": "Expression"
                            },
                            "type": "String"
                        },
                        "Start_Time": {
                            "value": {
                                "value": "@activity('Swiggy Gold').ExecutionStartTime",
                                "type": "Expression"
                            },
                            "type": "Datetime"
                        },
                        "Status": {
                            "value": {
                                "value": "@{activity('Swiggy Gold').Status}",
                                "type": "Expression"
                            },
                            "type": "String"
                        }
                    }
                },
                "linkedServiceName": {
                    "referenceName": "Logs",
                    "type": "LinkedServiceReference"
                }
            },
            {
                "name": "SQL Log",
                "type": "SqlServerStoredProcedure",
                "dependsOn": [
                    {
                        "activity": "Swiggy SQL",
                        "dependencyConditions": [
                            "Completed"
                        ]
                    }
                ],
                "policy": {
                    "timeout": "0.12:00:00",
                    "retry": 0,
                    "retryIntervalInSeconds": 30,
                    "secureOutput": false,
                    "secureInput": false
                },
                "userProperties": [],
                "typeProperties": {
                    "storedProcedureName": "[dbo].[audit_log]",
                    "storedProcedureParameters": {
                        "End_Time": {
                            "value": {
                                "value": "@activity('Swiggy SQL').ExecutionEndTime",
                                "type": "Expression"
                            },
                            "type": "Datetime"
                        },
                        "Message": {
                            "value": {
                                "value": "@activity('Swiggy SQL').Error?.message",
                                "type": "Expression"
                            },
                            "type": "String"
                        },
                        "Process_Id": {
                            "value": {
                                "value": "@activity('Swiggy SQL').ActivityRunId",
                                "type": "Expression"
                            },
                            "type": "String"
                        },
                        "Process_Name": {
                            "value": {
                                "value": "@string('Swiggy SQL')",
                                "type": "Expression"
                            },
                            "type": "String"
                        },
                        "Start_Time": {
                            "value": {
                                "value": "@activity('Swiggy SQL').ExecutionStartTime",
                                "type": "Expression"
                            },
                            "type": "Datetime"
                        },
                        "Status": {
                            "value": {
                                "value": "@{activity('Swiggy SQL').Status}",
                                "type": "Expression"
                            },
                            "type": "String"
                        }
                    }
                },
                "linkedServiceName": {
                    "referenceName": "Logs",
                    "type": "LinkedServiceReference"
                }
            },
            {
                "name": "Visualization Log",
                "type": "SqlServerStoredProcedure",
                "dependsOn": [
                    {
                        "activity": "Swiggy Visualization",
                        "dependencyConditions": [
                            "Completed"
                        ]
                    }
                ],
                "policy": {
                    "timeout": "0.12:00:00",
                    "retry": 0,
                    "retryIntervalInSeconds": 30,
                    "secureOutput": false,
                    "secureInput": false
                },
                "userProperties": [],
                "typeProperties": {
                    "storedProcedureName": "[dbo].[audit_log]",
                    "storedProcedureParameters": {
                        "End_Time": {
                            "value": {
                                "value": "@activity('Swiggy Visualization').ExecutionEndTime",
                                "type": "Expression"
                            },
                            "type": "Datetime"
                        },
                        "Message": {
                            "value": {
                                "value": "@activity('Swiggy Visualization').Error?.message",
                                "type": "Expression"
                            },
                            "type": "String"
                        },
                        "Process_Id": {
                            "value": {
                                "value": "@activity('Swiggy Visualization').ActivityRunId",
                                "type": "Expression"
                            },
                            "type": "String"
                        },
                        "Process_Name": {
                            "value": {
                                "value": "@string('Swiggy Visualization')",
                                "type": "Expression"
                            },
                            "type": "String"
                        },
                        "Start_Time": {
                            "value": {
                                "value": "@activity('Swiggy Visualization').ExecutionStartTime",
                                "type": "Expression"
                            },
                            "type": "Datetime"
                        },
                        "Status": {
                            "value": {
                                "value": "@{activity('Swiggy Visualization').Status}",
                                "type": "Expression"
                            },
                            "type": "String"
                        }
                    }
                },
                "linkedServiceName": {
                    "referenceName": "Logs",
                    "type": "LinkedServiceReference"
                }
            },
            {
                "name": "Archive Log",
                "type": "SqlServerStoredProcedure",
                "dependsOn": [
                    {
                        "activity": "Data Lake to Archive",
                        "dependencyConditions": [
                            "Completed"
                        ]
                    }
                ],
                "policy": {
                    "timeout": "0.12:00:00",
                    "retry": 0,
                    "retryIntervalInSeconds": 30,
                    "secureOutput": false,
                    "secureInput": false
                },
                "userProperties": [],
                "typeProperties": {
                    "storedProcedureName": "[dbo].[audit_log]",
                    "storedProcedureParameters": {
                        "End_Time": {
                            "value": {
                                "value": "@activity('Data Lake to Archive').ExecutionEndTime",
                                "type": "Expression"
                            },
                            "type": "Datetime"
                        },
                        "Message": {
                            "value": {
                                "value": "@activity('Data Lake to Archive').Error?.message",
                                "type": "Expression"
                            },
                            "type": "String"
                        },
                        "Process_Id": {
                            "value": {
                                "value": "@activity('Data Lake to Archive').ActivityRunId",
                                "type": "Expression"
                            },
                            "type": "String"
                        },
                        "Process_Name": {
                            "value": {
                                "value": "@string('Data Lake to Archive')",
                                "type": "Expression"
                            },
                            "type": "String"
                        },
                        "Start_Time": {
                            "value": {
                                "value": "@activity('Data Lake to Archive').ExecutionStartTime",
                                "type": "Expression"
                            },
                            "type": "Datetime"
                        },
                        "Status": {
                            "value": {
                                "value": "@{activity('Data Lake to Archive').Status}",
                                "type": "Expression"
                            },
                            "type": "String"
                        }
                    }
                },
                "linkedServiceName": {
                    "referenceName": "Logs",
                    "type": "LinkedServiceReference"
                }
            },
            {
                "name": "Data Lake to Archive",
                "type": "Copy",
                "dependsOn": [
                    {
                        "activity": "Swiggy Visualization",
                        "dependencyConditions": [
                            "Succeeded"
                        ]
                    }
                ],
                "policy": {
                    "timeout": "0.12:00:00",
                    "retry": 0,
                    "retryIntervalInSeconds": 30,
                    "secureOutput": false,
                    "secureInput": false
                },
                "userProperties": [],
                "typeProperties": {
                    "source": {
                        "type": "JsonSource",
                        "storeSettings": {
                            "type": "AzureBlobFSReadSettings",
                            "recursive": true,
                            "enablePartitionDiscovery": false
                        },
                        "formatSettings": {
                            "type": "JsonReadSettings"
                        }
                    },
                    "sink": {
                        "type": "JsonSink",
                        "storeSettings": {
                            "type": "AzureBlobFSWriteSettings"
                        },
                        "formatSettings": {
                            "type": "JsonWriteSettings"
                        }
                    },
                    "enableStaging": false
                },
                "inputs": [
                    {
                        "referenceName": "swiggy_raw",
                        "type": "DatasetReference"
                    }
                ],
                "outputs": [
                    {
                        "referenceName": "Json",
                        "type": "DatasetReference"
                    }
                ]
            },
            {
                "name": "Delete Raw",
                "type": "Delete",
                "dependsOn": [
                    {
                        "activity": "Data Lake to Archive",
                        "dependencyConditions": [
                            "Succeeded"
                        ]
                    }
                ],
                "policy": {
                    "timeout": "0.12:00:00",
                    "retry": 0,
                    "retryIntervalInSeconds": 30,
                    "secureOutput": false,
                    "secureInput": false
                },
                "userProperties": [],
                "typeProperties": {
                    "dataset": {
                        "referenceName": "swiggy_raw",
                        "type": "DatasetReference"
                    },
                    "enableLogging": false,
                    "storeSettings": {
                        "type": "AzureBlobFSReadSettings",
                        "recursive": true,
                        "enablePartitionDiscovery": false
                    }
                }
            },
            {
                "name": "Pipeline Log",
                "type": "SqlServerStoredProcedure",
                "dependsOn": [
                    {
                        "activity": "Delete Raw",
                        "dependencyConditions": [
                            "Succeeded"
                        ]
                    }
                ],
                "policy": {
                    "timeout": "0.12:00:00",
                    "retry": 0,
                    "retryIntervalInSeconds": 30,
                    "secureOutput": false,
                    "secureInput": false
                },
                "userProperties": [],
                "typeProperties": {
                    "storedProcedureName": "[dbo].[audit_log]",
                    "storedProcedureParameters": {
                        "End_Time": {
                            "value": {
                                "value": "@utcNow()",
                                "type": "Expression"
                            },
                            "type": "Datetime"
                        },
                        "Message": {
                            "value": null,
                            "type": "String"
                        },
                        "Process_Id": {
                            "value": {
                                "value": "@pipeline().RunId",
                                "type": "Expression"
                            },
                            "type": "String"
                        },
                        "Process_Name": {
                            "value": {
                                "value": "@pipeline().Pipeline",
                                "type": "Expression"
                            },
                            "type": "String"
                        },
                        "Start_Time": {
                            "value": {
                                "value": "@pipeline().TriggerTime",
                                "type": "Expression"
                            },
                            "type": "Datetime"
                        },
                        "Status": {
                            "value": {
                                "value": "@{activity('Delete Raw').Status}",
                                "type": "Expression"
                            },
                            "type": "String"
                        }
                    }
                },
                "linkedServiceName": {
                    "referenceName": "Logs",
                    "type": "LinkedServiceReference"
                }
            },
            {
                "name": "Pipeline Log Fail",
                "type": "SqlServerStoredProcedure",
                "dependsOn": [
                    {
                        "activity": "Pipeline Log",
                        "dependencyConditions": [
                            "Skipped"
                        ]
                    }
                ],
                "policy": {
                    "timeout": "0.12:00:00",
                    "retry": 0,
                    "retryIntervalInSeconds": 30,
                    "secureOutput": false,
                    "secureInput": false
                },
                "userProperties": [],
                "typeProperties": {
                    "storedProcedureName": "[dbo].[audit_log]",
                    "storedProcedureParameters": {
                        "End_Time": {
                            "value": {
                                "value": "@utcNow()",
                                "type": "Expression"
                            },
                            "type": "Datetime"
                        },
                        "Message": {
                            "value": null,
                            "type": "String"
                        },
                        "Process_Id": {
                            "value": {
                                "value": "@pipeline().RunId",
                                "type": "Expression"
                            },
                            "type": "String"
                        },
                        "Process_Name": {
                            "value": {
                                "value": "@pipeline().Pipeline",
                                "type": "Expression"
                            },
                            "type": "String"
                        },
                        "Start_Time": {
                            "value": {
                                "value": "@pipeline().TriggerTime",
                                "type": "Expression"
                            },
                            "type": "Datetime"
                        },
                        "Status": {
                            "value": {
                                "value": "@string('Failed')",
                                "type": "Expression"
                            },
                            "type": "String"
                        }
                    }
                },
                "linkedServiceName": {
                    "referenceName": "Logs",
                    "type": "LinkedServiceReference"
                }
            }
        ],
        "annotations": [],
        "lastPublishTime": "2025-01-08T06:44:17Z"
    },
    "type": "Microsoft.DataFactory/factories/pipelines"
}