{
    "name": "Json",
    "properties": {
        "linkedServiceName": {
            "referenceName": "swiggy_raw",
            "type": "LinkedServiceReference"
        },
        "annotations": [],
        "type": "Json",
        "typeProperties": {
            "location": {
                "type": "AzureBlobFSLocation",
                "fileName": "swiggy.json",
                "folderPath": {
                    "value": "@concat('swiggy_', formatDateTime(utcNow(), 'yyyyMMddHHmmss'))",
                    "type": "Expression"
                },
                "fileSystem": "archive"
            }
        },
        "schema": {}
    },
    "type": "Microsoft.DataFactory/factories/datasets"
}