{
    "name": "swiggy_raw",
    "properties": {
        "linkedServiceName": {
            "referenceName": "swiggy_raw",
            "type": "LinkedServiceReference"
        },
        "annotations": [],
        "type": "Json",
        "typeProperties": {
            "location": {
                "type": "AzureBlobFSLocation",
                "fileName": "swiggy.json",
                "folderPath": "swiggy-raw",
                "fileSystem": "swiggy-data"
            }
        },
        "schema": {}
    },
    "type": "Microsoft.DataFactory/factories/datasets"
}